pays;iso3;region;continent;sous_region_onu;annee;population_totale;population_rurale;stabilite_politique;acces_eau_potable_pct;service_safely_managed_pct;mortalite_wash_pour_100k;deces_wash;part_rurale_pct;ecart_basique_safely_managed_pct;risque_faible_acces_basique;risque_faible_acces_safely_managed;risque_ecart_qualite_eleve;risque_mortalite_elevee;risque_faible_stabilite;risque_ruralite_elevee;score_creation_services;score_modernisation_services;score_gouvernance;action_prioritaire;wash_score_inverse;water_access_score;score_effectivite_gouvernementale;pays_source_en
Afghanistan;AFG;Eastern Mediterranean;Asia;Southern Asia;2016;35383032;25985093;-2.67;64.28648;;13.92067;4824.353;73.43941864563783;;0.4392548779407859;;;0.1377160907134377;0.8787878787878788;0.6759164954688633;43.486866639237206;13.771609071343772;75.25743546432811;Renforcer la gouvernance politique;0.8622839092865623;0.6428648;0.7525743546432812;Afghanistan
Albanie;ALB;Europe;Europe;Southern Europe;2016;2886438;1216737;0.34;91.02037;69.98433;0.16641;4.86975;42.15358168095071;21.03604;0.1104441558185986;0.3143949229521815;0.3188243473062986;0.0015849662771553;0.3087121212121212;0.3879701354762981;16.648715233054766;25.33832301411173;95.43093668614225;Moderniser les services d'eau;0.9984150337228448;0.9102037;0.9543093668614224;Albania
Algérie;DZA;Africa;Africa;Northern Africa;2016;40551392;11589537;-1.1;93.51585;;1.86723;758.21;28.579874644007287;;0.0797512569983568;;;0.0184186264714309;0.581439393939394;0.2630414165385589;11.9405147228686;1.8418626471430968;95.83699367642843;Renforcer la gouvernance politique;0.981581373528569;0.9351585;0.9583699367642844;Algeria
Samoa américaines;ASM;Western Pacific;Oceania;Polynesia;2016;55741;7118;1.19;;;;;12.769774492743224;;;;;;0.1477272727272728;0.1175295417943149;11.752954179431493;;;Renforcer la gouvernance politique;;;;American Samoa
Andorre;AND;Europe;Europe;Southern Europe;2016;77297;9082;1.41;100.0;90.64;;;11.749485749770368;9.36;1.2299396845438793e-07;0.0980400063977389;0.141861105549664;;0.1060606060606061;0.1081390808642772;4.325570614209195;11.721173727670614;;Moderniser les services d'eau;;1.0;;Andorra
Angola;AGO;Africa;Africa;Middle Africa;2016;28842489;10329860;-0.32;55.08428;;48.81467;14065.2;35.81473152334391;;0.5524363875195559;;;0.4830752344317939;0.4337121212121212;0.3296290774607696;46.82539062299795;48.3075234431794;53.3883782784103;Moderniser les services d'eau;0.5169247655682061;0.5508428;0.533883782784103;Angola
Anguilla;AIA;Americas;Americas;Caribbean;2016;14429;0;;;;;;0.0;;;;;;;0.0;0.0;;;Créer ou étendre les services d'eau;;;;Anguilla
Antigua-et-Barbuda;ATG;Americas;Americas;Caribbean;2016;94527;75878;0.88;96.73919;;0.11403;0.11513;80.27124525267912;;0.0401061191959147;;;0.0010665415637957;0.2064393939393939;0.7387947750500781;23.995282154413403;0.1066541563795783;98.3162679218102;Créer ou étendre les services d'eau;0.9989334584362042;0.9673919;0.983162679218102;Antigua and Barbuda
Argentine;ARG;Americas;Americas;South America;2016;43508460;3671449;0.2;99.07838;;0.36294;159.1411;8.438471506461042;;0.0113354931074181;;;0.0035300981770512;0.3352272727272727;0.0776654035795502;2.928311751646602;0.3530098177051244;99.36268509114744;Renforcer la gouvernance politique;0.9964699018229488;0.9907838;0.9936268509114744;Argentina
Arménie;ARM;Europe;Asia;Western Asia;2016;2936143;1079792;-0.66;99.89854;83.00597;0.17688;5.17336;36.77586548066631;16.892569999999992;0.0012480197971092;0.1780015822567698;0.2560254974118683;0.001688591835553;0.4981060606060606;0.3384750937840219;10.2526285002794;17.004735447681096;99.86484040822236;Renforcer la gouvernance politique;0.998311408164447;0.9989854;0.9986484040822234;Armenia
Aruba;ABW;Americas;Americas;Caribbean;2016;104872;59547;;;;;;56.78064688382028;;;;;;;0.5225936773458716;52.25936773458716;;;Créer ou étendre les services d'eau;;;;Aruba
Australie;AUS;Western Pacific;Oceania;Australia and New Zealand;2016;24262712;3425805;1.05;99.96997;;0.09539;23.01346;14.119629330801931;;0.0003694738810008;;;0.000882054418759;0.1742424242424242;0.1299532396987716;3.937274876077165;0.0882054418759096;99.94088227906204;Renforcer la gouvernance politique;0.9991179455812408;0.9996997;0.9994088227906204;Australia
Autriche;AUT;Europe;Europe;Western Europe;2016;8747301;3667377;0.91;100.0;98.90781;0.12375;10.78108;41.92581231627904;1.0921900000000022;1.2299396845438793e-07;0.0114399908747379;0.0165533419733213;0.0011627440879243;0.2007575757575758;0.3858738080055306;11.60528837709261;1.1174214401879403;99.94186279560378;Créer ou étendre les services d'eau;0.9988372559120756;1.0;0.9994186279560378;Austria
Azerbaïdjan;AZE;Europe;Asia;Western Asia;2016;9736043;4374332;-0.8;90.71031;73.015;1.11988;108.9128;44.929259248341445;17.695310000000006;0.1142577068020583;0.2826505953678401;0.2681919059448746;0.0110218202566687;0.5246212121212122;0.413516719157128;17.822643887223187;22.3264299047568;94.80406398716656;Renforcer la gouvernance politique;0.9889781797433312;0.9071031;0.9480406398716656;Azerbaijan
Bahamas;BHS;Americas;Americas;Caribbean;2016;377930;67166;0.98;98.88696;;0.06853;0.26811;17.772074193633742;;0.0136898436500674;;;0.0006162108181321;0.1875;0.1635693518236621;5.538528789416203;0.0616210818132196;99.4126694590934;Renforcer la gouvernance politique;0.9993837891818678;0.9888696;0.994126694590934;Bahamas
Bahreïn;BHR;Eastern Mediterranean;Asia;Western Asia;2016;1425792;155487;-0.79;100.0;98.98326;0.0396;0.56435;10.905307366011312;1.0167399999999986;1.2299396845438793e-07;0.0106497004385509;0.0154098141513424;0.0003298796429223;0.5227272727272727;0.1003694919265673;3.0193372835986603;1.0251776078902255;99.98350601785388;Renforcer la gouvernance politique;0.9996701203570776;1.0;0.9998350601785388;Bahrain
Bangladesh;BGD;South-East Asia;Asia;Southern Asia;2016;157977153;105783530;-1.26;96.88253;55.49126;11.94467;19464.03;66.9612839522434;41.391270000000006;0.038343123653216;0.4662005506789847;0.6273302694769919;0.1181588697589047;0.6117424242424243;0.616293500354175;23.168217318992586;45.29876160742712;92.53332151205475;Moderniser les services d'eau;0.8818411302410952;0.9688253;0.9253332151205476;Bangladesh
Barbade;BRB;Americas;Americas;Caribbean;2016;285796;196098;0.98;98.48444;;0.16462;0.46915;68.61467620260605;;0.0186405968651296;;;0.0015672499686995;0.1875;0.6315108742946327;19.8233343369873;0.1567249968699539;99.16385750156502;Créer ou étendre les services d'eau;0.9984327500313004;0.9848444;0.9916385750156502;Barbados
Biélorussie;BLR;Europe;Europe;Eastern Europe;2016;9445643;2117714;0.14;96.47418;94.49743;0.05165;4.89667;22.42000888663694;1.9767500000000096;0.0433655823518414;0.0576358972226502;0.0299598226918055;0.0004491430601805;0.346590909090909;0.2063476824096093;8.153110254625656;3.6511920304360665;98.21463284699098;Renforcer la gouvernance politique;0.9995508569398196;0.9647418;0.9821463284699098;Belarus
Belgique;BEL;Europe;Europe;Western Europe;2016;11354420;236371;0.44;100.0;99.52319;0.28179;32.00647;2.081753185103246;0.4768100000000004;1.2299396845438793e-07;0.0049942794284728;0.0072265805274717;0.0027269258691259;0.2897727272727273;0.0191598918299676;0.6429754363557592;0.5322114101253084;99.86365370654372;Renforcer la gouvernance politique;0.997273074130874;1.0;0.9986365370654372;Belgium
Belize;BLZ;Americas;Americas;Central America;2016;368400;200009;0.06;97.58454;;0.96521;3.54188;54.291259500542886;;0.0297088240792671;;;0.0094909926427833;0.3617424242424242;0.4996820308895144;16.564632826322033;0.94909926427833;98.31772036786084;Renforcer la gouvernance politique;0.9905090073572168;0.9758454;0.9831772036786084;Belize
Bénin;BEN;Africa;Africa;Western Africa;2016;10872063;5846177;0.0;66.32024;;59.73005;6494.034;53.772471701092975;;0.414240856628391;;;0.5911088874999567;0.3731060606060606;0.4949072486572613;48.26577819549436;59.11088874999568;53.604675625002166;Moderniser les services d'eau;0.4088911125000433;0.6632024;0.5360467562500216;Benin
Bermudes;BMU;Americas;Americas;Northern America;2016;63362;0;1.0;;;;;0.0;;;;;;0.1837121212121211;0.0;0.0;;;Renforcer la gouvernance politique;;;;Bermuda
Bhoutan;BTN;South-East Asia;Asia;Southern Asia;2016;736708;483225;1.12;97.20763;35.99732;3.94974;31.50916;65.5924735444708;61.21030999999999;0.0343445897413191;0.6703870893880806;0.92770964184163;0.0390300172659777;0.1609848484848486;0.6036953405260413;20.632117185790044;63.41785683224022;96.65231413670112;Moderniser les services d'eau;0.9609699827340225;0.9720763;0.9665231413670112;Bhutan
Bolivie;BOL;Americas;Americas;South America;2016;11031814;3403747;-0.25;92.1769;;5.57744;607.2645;30.85391940074407;;0.0962195343940333;;;0.0551399811059034;0.4204545454545455;0.2839711078522873;14.227511810947703;5.513998110590345;93.33145094470484;Renforcer la gouvernance politique;0.9448600188940964;0.921769;0.9333145094470484;Bolivia (Plurinational State of)
Pays-Bas caribéens;BES;Americas;Americas;Caribbean;2016;25020;6307;;;;;;25.20783373301359;;;;;;;0.2320060663523838;23.20060663523838;;;Créer ou étendre les services d'eau;;;;Bonaire, Sint Eustatius and Saba
Bosnie-Herzégovine;BIH;Europe;Europe;Southern Europe;2016;3386266;1845681;-0.4;96.15126;88.83336;0.07872;2.76853;54.50490304069439;7.317899999999994;0.0473373035786326;0.1169634035300477;0.1109108316561843;0.0007170651104027;0.4488636363636363;0.5016483481017401;17.197555731850738;9.159573569026657;98.03977674447984;Renforcer la gouvernance politique;0.9992829348895972;0.9615126;0.9803977674447986;Bosnia and Herzegovina
Botswana;BWA;Africa;Africa;Southern Africa;2016;2159927;721580;0.99;89.40444;;11.76669;264.7807;33.40761053498567;;0.1303191201503479;;;0.1163973342399332;0.1856060606060606;0.3074745885959903;17.9985314206437;11.639733423993324;88.88235328800333;Créer ou étendre les services d'eau;0.8836026657600667;0.8940444;0.8888235328800334;Botswana
Brésil;BRA;Americas;Americas;South America;2016;206163053;28983278;-0.38;97.84798;;1.047;2174.623;14.058424910888371;;0.0264686709763752;;;0.0103004992732849;0.4450757575757575;0.1293899308140051;5.330300600189164;1.0300499273284944;98.40896503633576;Renforcer la gouvernance politique;0.9896995007267152;0.9784798;0.9840896503633576;Brazil
Îles Vierges britanniques;VGB;Americas;Americas;Caribbean;2016;29355;16264;;;;;;55.40453074433657;;;;;;;0.5099282775440824;50.992827754408246;;;Créer ou étendre les services d'eau;;;;British Virgin Islands
Brunei;BRN;Western Pacific;Asia;South-eastern Asia;2016;419800;97378;1.15;99.90001;;0.0452;0.19128;23.196283944735587;;0.001229939683758;;;0.0003853049654655;0.1553030303030304;0.2134923075505259;6.469749136421529;0.038530496546557;99.93073975172672;Renforcer la gouvernance politique;0.9996146950345344;0.9990001;0.9993073975172672;Brunei Darussalam
Bulgarie;BGR;Europe;Europe;Eastern Europe;2016;7151953;1830702;0.08;99.14818;96.96734;0.12884;9.18815;25.59723197286112;2.1808400000000034;0.010476995208155;0.0317651715600606;0.0330530313490309;0.0012131217471645;0.3579545454545454;0.2355899821631759;7.569492292941367;2.610551252362104;99.51343391264176;Renforcer la gouvernance politique;0.9987868782528356;0.9914818;0.9951343391264178;Bulgaria
Burkina Faso;BFA;Africa;Africa;Western Africa;2016;18646357;13400521;-0.87;48.26772;;49.64125;9256.325;71.86669760747367;;0.6362759640267242;;;0.4912562099867523;0.5378787878787878;0.6614415974907704;60.75707155559451;49.12562099867523;49.571049500662376;Créer ou étendre les services d'eau;0.5087437900132477;0.4826772;0.4957104950066238;Burkina Faso
Burundi;BDI;Africa;Africa;Eastern Africa;2016;10487995;9220356;-1.97;60.20415;;65.40117;6882.901;87.91342863912503;;0.48946507463274;;;0.6472381116394661;0.7462121212121212;0.8091313586935505;62.48082191026647;64.7238111639466;47.740169418026696;Renforcer la gouvernance politique;0.3527618883605339;0.6020415;0.4774016941802669;Burundi
Cap-Vert;CPV;Africa;Africa;Western Africa;2016;531146;190010;0.89;86.48798;;4.13675;22.32021;35.7735914419011;;0.1661898190512738;;;0.0408809261175501;0.2045454545454545;0.3292504353066656;18.378078069446047;4.088092611755019;91.19994369412248;Créer ou étendre les services d'eau;0.9591190738824498;0.8648798;0.9119994369412248;Cabo Verde
Cambodge;KHM;Western Pacific;Asia;South-eastern Asia;2016;15766292;12202907;0.21;76.94537;25.24514;6.47033;1019.877;77.39871239223528;51.70023;0.2835581663075244;0.7830092898143242;0.7835739086508448;0.0639772518640476;0.3333333333333333;0.7123567615151537;35.7302516258944;63.94004988170511;85.27382240679762;Moderniser les services d'eau;0.9360227481359524;0.7694537;0.8527382240679762;Cambodia
Cameroun;CMR;Africa;Africa;Middle Africa;2016;23926551;10505784;-1.06;60.15572;;45.15287;10583.47;43.90847640347328;;0.4900607344215839;;;0.4468330119159495;0.5738636363636365;0.4041217106472259;45.3472096662868;44.68330119159495;57.73620940420252;Renforcer la gouvernance politique;0.5531669880840505;0.6015572;0.5773620940420252;Cameroon
Canada;CAN;Americas;Americas;Northern America;2016;36382944;6786280;1.26;99.41262;98.8135;0.36794;133.5263;18.652366339568346;0.5991199999999992;0.0072245427084255;0.0124278277340722;0.0090803232432601;0.0035795850721791;0.1344696969696969;0.1716713220358708;5.564733709759751;0.9486552629909372;99.52733074639104;Renforcer la gouvernance politique;0.9964204149278209;0.9941262;0.9952733074639104;Canada
Îles Caïmans;CYM;Americas;Americas;Caribbean;2016;62569;0;;;;;;0.0;;;;;;;0.0;0.0;;;Créer ou étendre les services d'eau;;;;Cayman Islands
République centrafricaine;CAF;Africa;Africa;Middle Africa;2016;4537686;2728393;-1.79;46.33376;;82.11312;3772.784;60.12740855140704;;0.6600625055347287;;;0.8126426150458965;0.7121212121212122;0.5533963642304189;66.62076905212277;81.26426150458965;32.53474924770517;Moderniser les services d'eau;0.1873573849541034;0.4633375999999999;0.3253474924770517;Central African Republic
Tchad;TCD;Africa;Africa;Middle Africa;2016;14561660;11175141;-1.3;38.85259;;101.04312;14603.3;76.74359242009497;;0.75207638417412;;;1.0;0.6193181818181819;0.7063272149331283;80.03325373582926;100.0;19.426295;Moderniser les services d'eau;0.0;0.3885259;0.19426295;Chad
Îles anglo-normandes;HIST_CHI;Europe;Europe;Northern Europe;2016;166923;113648;;;;;;68.08408667469432;;;;;;;0.6266274721537598;62.66274721537598;;;Créer ou étendre les services d'eau;;;;Channel Islands
Chili;CHL;Americas;Americas;South America;2016;18209068;2252605;0.41;99.62218;98.46397;0.20277;36.31498;12.370786906831256;1.1582099999999969;0.0046470811071425;0.0160889306652904;0.017553947762679;0.0019448349785251;0.2954545454545454;0.1138573682425813;3.673460571561983;1.3772867512023423;99.71384825107374;Renforcer la gouvernance politique;0.9980551650214748;0.9962218;0.9971384825107374;Chile
Chine;CHN;Western Pacific;Asia;Eastern Asia;2016;1445523929;612549421;;92.30405;;0.57632;8134.223;42.3755988199902;;0.0946556660861351;;;0.005642000913528;;0.3900135210221137;16.1009606273777;0.5642000913528084;95.8699249543236;Créer ou étendre les services d'eau;0.994357999086472;0.9230405;0.958699249543236;China, mainland
Hong Kong;HKG;Western Pacific;Asia;Eastern Asia;2016;7243542;0;0.75;;;;;0.0;;;;;;0.2310606060606059;0.0;0.0;;;Renforcer la gouvernance politique;;;;China, Hong Kong SAR
Macao;MAC;Western Pacific;Asia;Eastern Asia;2016;612836;0;1.42;;;;;0.0;;;;;;0.1041666666666666;0.0;0.0;;;Renforcer la gouvernance politique;;;;China, Macao SAR
Taiwan;['CHN', 'TWN'];Western Pacific;Asia;Eastern Asia;2016;23618200;5338547;0.93;;;;;22.60353032830614;;;;;;0.196969696969697;0.2080367639952763;20.80367639952763;;;Créer ou étendre les services d'eau;;;;China, Taiwan Province of
Chine;CHN;Western Pacific;Asia;Eastern Asia;2016;1414049351;607210874;-0.5;;;;;42.941278787093765;;;;;;0.4678030303030303;0.3952198860502265;39.52198860502265;;;Renforcer la gouvernance politique;;;;China, mainland
Colombie;COL;Americas;Americas;South America;2016;48175052;9678238;-0.88;96.96181;72.99789;0.7531;366.4109;20.08973026121487;23.96392;0.0373680274719327;0.2828298116615864;0.363199592361507;0.0073916595776689;0.5397727272727273;0.1849004298168106;7.413365620183018;25.58716044897752;98.11132202111656;Renforcer la gouvernance politique;0.992608340422331;0.9696181;0.9811132202111656;Colombia
Comores;COM;Africa;Africa;Eastern Africa;2016;795592;567911;0.04;80.14886;;50.73689;403.6642;71.38219087170309;;0.2441571715323081;;;0.5021001743423316;0.3655303030303031;0.6569823288730092;43.24904694370243;50.21001743423316;64.96942128288342;Moderniser les services d'eau;0.4978998256576684;0.8014886;0.6496942128288342;Comoros
Congo-Brazzaville;COG;Africa;Africa;Middle Africa;2016;4980996;1742734;-0.52;72.18665;44.76963;38.70865;1984.138;34.98766110231769;27.41702;0.3420875520264487;0.5785027594176801;0.415535124794578;0.3830521240517692;0.471590909090909;0.3220169455730779;34.63075130967676;48.23739602264122;66.94071879741153;Moderniser les services d'eau;0.6169478759482308;0.7218665;0.6694071879741154;Congo
Îles Cook;COK;Western Pacific;Oceania;Polynesia;2016;17524;4411;;99.8796;;;;25.17119379137183;;0.0014809703732129;;;;;0.2316688422647561;9.35561191298302;;;Créer ou étendre les services d'eau;;0.998796;;Cook Islands
Costa Rica;CRI;Americas;Americas;Central America;2016;4899345;1081494;0.66;99.69976;93.7039;0.86387;41.96055;22.074256864948275;5.995859999999993;0.0036928939004832;0.0659476158419661;0.0908738598633555;0.0084879922523316;0.2481060606060605;0.2031654745556946;6.473344268500876;6.317987653152556;99.42548038738342;Renforcer la gouvernance politique;0.9915120077476683;0.9969976;0.994254803873834;Costa Rica
Croatie;HRV;Europe;Europe;Southern Europe;2016;4208602;1836858;0.66;99.58675;89.95949;0.11204;4.72051;43.64532450443164;9.627259999999993;0.005082848737098;0.1051679128885214;0.1459117251083395;0.0010468457795348;0.2481060606060605;0.4016997319244032;12.305891295389882;9.860403374366046;99.74103271102324;Renforcer la gouvernance politique;0.9989531542204652;0.9958675;0.9974103271102326;Croatia
Cuba;CUB;Americas;Americas;Caribbean;2016;11335104;2647509;0.69;95.32452;;1.02635;117.7832;23.356724384707896;;0.0575057069201325;;;0.0100961183964068;0.2424242424242424;0.2149689578551918;9.28922850697189;1.0096118396406857;97.15745408017966;Renforcer la gouvernance politique;0.9899038816035932;0.9532452;0.9715745408017966;Cuba
Curaçao;CUW;Americas;Americas;Caribbean;2016;161052;17097;;;;;;10.615825944415468;;;;;;;0.0977051834176378;9.770518341763788;;;Créer ou étendre les services d'eau;;;;Curaçao
Chypre;CYP;Europe;Asia;Western Asia;2016;1170187;387536;0.6;99.6132;99.6132;0.27908;3.26564;33.11744191313012;0.0;0.0047575296907439;0.0040514823156672;0.0;0.0027001039719666;0.259469696969697;0.3048039552822109;9.425710093848974;0.2363187836443577;99.67159480140168;Renforcer la gouvernance politique;0.9972998960280334;0.996132;0.9967159480140166;Cyprus
Tchéquie;CZE;Europe;Europe;Eastern Europe;2016;10618857;2804473;0.98;99.88017;97.881;0.17881;18.97327;26.41030950882943;1.9991700000000063;0.0014739597170154;0.0221951681150436;0.0302996224766797;0.0017076937770724;0.1875;0.2430733273310887;7.401220351625169;2.093423227402204;99.8547003111464;Renforcer la gouvernance politique;0.9982923062229276;0.9988017;0.9985470031114638;Czechia
Côte d’Ivoire;CIV;Africa;Africa;Western Africa;2016;23822714;11876170;-0.91;72.76205;36.39219;47.15776;11174.47;49.85229642600755;36.36986;0.3350104790861056;0.6662510789899743;0.5512252722528317;0.4666761681505312;0.5454545454545454;0.4588270184154494;40.50718631510152;58.60770644640858;63.04721659247343;Moderniser les services d'eau;0.5333238318494687;0.7276205;0.6304721659247343;Côte d'Ivoire
Corée du Nord;PRK;South-East Asia;Asia;Eastern Asia;2016;25307665;9774246;-0.68;94.8621;66.79067;1.35658;344.1445;38.62168240333512;28.071429999999992;0.063193194005766;0.3478464664171604;0.4254534288632484;0.0133645298720219;0.5018939393939394;0.3554634922307399;13.841711743982218;30.81125159642635;96.7628235063989;Renforcer la gouvernance politique;0.986635470127978;0.948621;0.967628235063989;Democratic People's Republic of Korea
Congo-Kinshasa;COD;Africa;Africa;Middle Africa;2016;78789127;44637912;-2.23;42.97677;;59.75592;47049.52;56.65491381824804;;0.7013514577245132;;;0.5913649326953483;0.7954545454545454;0.5214364643039735;61.98803284410601;59.13649326953483;41.92013836523258;Renforcer la gouvernance politique;0.4086350673046517;0.4297677;0.4192013836523258;Democratic Republic of the Congo
Danemark;DNK;Europe;Europe;Northern Europe;2016;5711349;705862;0.87;100.0;96.73594;0.30561;17.45619;12.358936566474926;3.2640600000000006;1.2299396845438793e-07;0.0341889383848935;0.0494704230962004;0.0029626814375151;0.2083333333333333;0.1137483009232659;3.4865215983644364;3.32922066443753;99.85186592812424;Renforcer la gouvernance politique;0.9970373185624848;1.0;0.9985186592812424;Denmark
Djibouti;DJI;Eastern Mediterranean;Africa;Eastern Africa;2016;929112;211764;-0.63;75.60252;;31.28645;294.826;22.7920853460078;;0.3000744113508674;;;0.3095917974481587;0.4924242424242424;0.2097721732498476;27.536308644488432;30.95917974481588;72.32167012759206;Renforcer la gouvernance politique;0.6904082025518412;0.7560252;0.7232167012759205;Djibouti
Dominique;DMA;Americas;Americas;Caribbean;2016;71307;22151;1.0;;;;;31.064271389905617;;;;;;0.1837121212121211;0.2859071305217345;28.590713052173456;;;Créer ou étendre les services d'eau;;;;Dominica
République dominicaine;DOM;Americas;Americas;Caribbean;2016;10397741;2189850;0.25;96.57637;;2.20544;234.8522;21.060824654124392;;0.0421087069890093;;;0.0217660190316701;0.3257575757575758;0.1938381192883469;8.254185868947584;2.1766019031670125;97.1998840484165;Renforcer la gouvernance politique;0.97823398096833;0.9657637;0.971998840484165;Dominican Republic
Équateur;ECU;Americas;Americas;South America;2016;16491116;5974947;-0.09;93.68204;74.85141;0.64215;105.2175;36.23130781446204;18.83063;0.0777072202379195;0.2634153765485162;0.2853989305551998;0.0062935453747815;0.3901515151515151;0.3334631326858882;13.658057525652564;21.968525421610856;96.52634273126093;Renforcer la gouvernance politique;0.9937064546252184;0.9368204;0.9652634273126092;Ecuador
Égypte;EGY;Eastern Mediterranean;Africa;Northern Africa;2016;94447073;54799311;-1.44;99.03286;;2.2022;1915.882;58.02118505038266;;0.0118953616514646;;;0.0217339515236272;0.6458333333333333;0.5340112542480551;17.098977689848244;2.173395152362726;98.42973242381863;Renforcer la gouvernance politique;0.9782660484763728;0.9903286;0.9842973242381864;Egypt
Salvador;SLV;Americas;Americas;Central America;2016;6356143;1871635;-0.1;97.06386;;2.00514;127.2203;29.446080744250093;;0.0361128740246577;;;0.0197835740128477;0.3920454545454546;0.2710137426057758;10.25008095960407;1.9783574012847789;97.5427512993576;Renforcer la gouvernance politique;0.9802164259871522;0.9706386;0.975427512993576;El Salvador
Guinée équatoriale;GNQ;Africa;Africa;Middle Africa;2016;1215180;352550;-0.14;64.42552;;22.28946;272.2647;29.012162807156137;;0.4375447698044887;;;0.2205451773288656;0.3996212121212121;0.2670200795734358;33.213746461626705;22.054517732886566;71.18550113355673;Renforcer la gouvernance politique;0.7794548226711344;0.6442552;0.7118550113355673;Equatorial Guinea
Érythrée;ERI;Africa;Africa;Eastern Africa;2016;3376557;3030917;-0.66;51.84972;;45.56445;2257.556;89.76353723630314;;0.5922195245545159;;;0.450906575175295;0.4981060606060606;0.8261592565487266;62.70732068079739;45.0906575175295;53.37953124123524;Créer ou étendre les services d'eau;0.549093424824705;0.5184972;0.5337953124123525;Eritrea
Estonie;EST;Europe;Europe;Northern Europe;2016;1316510;412594;0.67;99.71165;93.64887;0.00627;0.08229;31.339982225733188;6.062780000000004;0.0035466540720843;0.0665240198539391;0.0918881061436317;0.0;0.2462121212121212;0.2884446982932686;8.81294038204185;6.209664608454372;99.855825;Renforcer la gouvernance politique;1.0;0.9971165;0.99855825;Estonia
Eswatini;SWZ;Africa;Africa;Southern Africa;2016;1113997;1028023;-0.49;68.9483;;27.89303;374.6307;92.2823849615394;;0.3819173037754229;;;0.2760058335151976;0.4659090909090908;0.8493420480040418;49.56668594789522;27.600583351519763;70.67385832424013;Créer ou étendre les services d'eau;0.7239941664848024;0.6894830000000001;0.7067385832424012;Eswatini
Éthiopie;ETH;Africa;Africa;Eastern Africa;2016;103603462;82059981;-1.62;40.04142;10.86826;43.66399;44713.33;79.205829048454;29.173160000000003;0.7374544922317009;0.9335979016924784;0.4421513600403031;0.4320970022323538;0.6799242424242424;0.7289889732033834;65.8575464023369;66.12914322221923;48.41585988838231;Moderniser les services d'eau;0.5679029977676462;0.4004142;0.484158598883823;Ethiopia
Îles Malouines;FLK;Americas;Americas;South America;2016;2928;677;;;;;;23.12158469945355;;;;;;;0.2128047959523087;21.28047959523088;;;Créer ou étendre les services d'eau;;;;Falkland Islands (Malvinas)
Îles Féroé;FRO;Europe;Europe;Northern Europe;2016;48173;28598;;;;;;59.36520457517697;;;;;;;0.5463812455115228;54.63812455115228;;;Créer ou étendre les services d'eau;;;;Faroe Islands
Fidji;FJI;Western Pacific;Oceania;Melanesia;2016;872399;402329;0.92;93.74462;;2.88769;25.95353;46.11754483900142;;0.0769375239838239;;;0.0285185058718675;0.1988636363636363;0.4244533775194521;16.908752551652327;2.851850587186754;95.44638470640665;Créer ou étendre les services d'eau;0.9714814941281325;0.9374462;0.9544638470640664;Fiji
Finlande;FIN;Europe;Europe;Northern Europe;2016;5497713;810329;1.0;100.0;99.63187;0.03616;1.99014;14.739383449081464;0.3681299999999936;1.2299396845438793e-07;0.0038559260208546;0.0055794154685894;0.0002958326590743;0.1837121212121211;0.1356572885516254;4.0771200077542025;0.3747128655205745;99.98520836704628;Renforcer la gouvernance politique;0.9997041673409256;1.0;0.9998520836704629;Finland
France;FRA;Europe;Europe;Western Europe;2016;64667596;12998038;-0.1;100.0;97.78383;0.26542;171.7787;20.09976990639949;2.2161700000000053;1.2299396845438793e-07;0.0232129616429996;0.0335884963980768;0.0025649057744773;0.3920454545454546;0.1849928319887515;5.613913138753061;2.271478763357224;99.87175471127614;Renforcer la gouvernance politique;0.9974350942255228;1.0;0.9987175471127614;France
Guyane française;GUF;Americas;Americas;South America;2016;267821;42001;;;;;;15.682489423906263;;;;;;;0.1443373802124162;14.433738021241624;;;Créer ou étendre les services d'eau;;;;French Guyana
Polynésie française;PYF;Western Pacific;Oceania;Polynesia;2016;274575;107226;;;;;;39.05162523900574;;;;;;;0.3594205695074633;35.942056950746334;;;Créer ou étendre les services d'eau;;;;French Polynesia
Gabon;GAB;Africa;Africa;Middle Africa;2016;2007873;226498;-0.1;85.62704;;20.57946;407.4295;11.280494334053996;;0.1767788617646192;;;0.2036206591951352;0.3920454545454546;0.1038226110451793;16.160243590641628;20.36206591951353;82.63248704024323;Renforcer la gouvernance politique;0.7963793408048647;0.8562704;0.8263248704024324;Gabon
Gambie;GMB;Africa;Africa;Western Africa;2016;2149136;817075;-0.43;77.82724;;29.65944;604.6097;38.0187666113266;;0.2727116972183684;;;0.2934886627997606;0.4545454545454546;0.349914418767024;30.10667550783132;29.348866279976065;74.23918686001197;Renforcer la gouvernance politique;0.7065113372002394;0.7782724000000001;0.7423918686001197;Gambia
Géorgie;GEO;Europe;Asia;Western Asia;2016;4015450;1655077;-0.31;98.17055;79.81266;0.17978;7.05726;41.21772155051115;18.35789000000001;0.0225012545384774;0.2114494596958686;0.2782340353588807;0.0017172942347272;0.4318181818181819;0.3793567326024545;12.4361907881733;19.287762808569457;98.99941028826365;Renforcer la gouvernance politique;0.9982827057652728;0.9817055;0.9899941028826365;Georgia
Allemagne;DEU;Europe;Europe;Western Europe;2016;82193768;18657193;0.68;100.0;99.8;0.58651;480.4347;22.6990360145066;0.2000000000000028;1.2299396845438793e-07;0.0020948719315756;0.0030312202040526;0.0057428552057986;0.2443181818181817;0.2089157724338568;6.411050087889255;0.3152190481787219;99.71285723971006;Renforcer la gouvernance politique;0.9942571447942014;1.0;0.9971285723971006;Germany
Ghana;GHA;Africa;Africa;Western Africa;2016;28481945;12763904;-0.13;80.43578;34.752;18.83582;5312.967;44.81401814377495;45.68377999999999;0.24062822859167;0.6834310189572292;0.6923879846674819;0.1863631932309845;0.3977272727272727;0.4124560712793391;27.86103225577994;58.71523918105687;80.89973033845077;Moderniser les services d'eau;0.8136368067690155;0.8043577999999999;0.8089973033845077;Ghana
Gibraltar;GIB;Europe;Europe;Southern Europe;2016;33737;0;;;;;;0.0;;;;;;;0.0;0.0;;;Créer ou étendre les services d'eau;;;;Gibraltar
Grèce;GRC;Europe;Europe;Southern Europe;2016;10615185;2417151;-0.12;100.0;100.0;0.0371;4.14944;22.770691231476416;0.0;1.2299396845438793e-07;0.0;0.0;0.0003051361953584;0.3958333333333333;0.2095752676209034;6.294891968239647;0.0061027239071685;99.98474319023208;Renforcer la gouvernance politique;0.9996948638046416;1.0;0.9998474319023208;Greece
Groenland;GRL;Americas;Americas;Northern America;2016;56412;7714;1.97;;;;;13.67439551868397;;;;;;0.0;0.1258554284211099;12.585542842110994;;;Créer ou étendre les services d'eau;;;;Greenland
Grenade;GRD;Americas;Americas;Caribbean;2016;110261;68605;1.02;95.62865;87.11526;0.34283;0.36792;62.22054942364027;8.513389999999987;0.0537650913599198;0.1349594008582479;0.1290297988648987;0.0033310618848469;0.1799242424242424;0.5726610652448593;19.682537615663342;10.655837236589557;97.64777190575764;Créer ou étendre les services d'eau;0.996668938115153;0.9562865;0.9764777190575764;Grenada
Guadeloupe;GLP;Americas;Americas;Caribbean;2016;399763;6964;;;;;;1.7420321540512755;;;;;;;0.0160331915785168;1.6033191578516843;;;Créer ou étendre les services d'eau;;;;Guadeloupe
Guam;GUM;Western Pacific;Oceania;Micronesia;2016;162951;8769;;;;;;5.381372314376715;;;;;;;0.0495286915749942;4.952869157499422;;;Créer ou étendre les services d'eau;;;;Guam
Guatemala;GTM;Americas;Americas;Central America;2016;16583076;8238270;-0.54;93.72089;55.66295;6.29517;1043.895;49.678780945103306;38.05794;0.0772293886707796;0.4644022078693236;0.5768099832631176;0.0622436269539282;0.4753787878787878;0.4572300289794586;18.74831403341705;42.33132130740724;93.7482636523036;Moderniser les services d'eau;0.9377563730460718;0.9372089;0.937482636523036;Guatemala
Guinée;GIN;Africa;Africa;Western Africa;2016;11738429;8000301;-0.39;62.10819;;44.63392;5532.784;68.15478459681444;;0.4660465310781159;;;0.4416967670706282;0.446969696969697;0.6272781566585887;50.832857775038576;44.16967670706282;58.969256646468594;Créer ou étendre les services d'eau;0.5583032329293718;0.6210819;0.5896925664646859;Guinea
Guinée-Bissau;GNB;Africa;Africa;Western Africa;2016;1782438;1043426;-0.44;66.50823;;35.27235;640.4408;58.53925914954685;;0.4119286930168945;;;0.3490417605061915;0.4564393939393939;0.5387794677764045;43.42621923170717;34.90417605061916;65.80202697469042;Créer ou étendre les services d'eau;0.6509582394938085;0.6650823;0.6580202697469042;Guinea-Bissau
Guyana;GUY;Americas;Americas;South America;2016;771368;568513;-0.03;95.53635;;3.64877;28.21598;73.70191659493264;;0.0549003256880282;;;0.0360512031006508;0.3787878787878788;0.6783324554155404;23.72176839594376;3.6051203100650895;95.96561484496746;Renforcer la gouvernance politique;0.9639487968993492;0.9553635;0.9596561484496746;Guyana
Haïti;HTI;Americas;Americas;Caribbean;2016;10839970;5055343;-0.74;65.02302;;23.79188;2580.786;46.636134601848525;;0.4301958801940353;;;0.2354151975244675;0.5132575757575757;0.4292263370765123;38.12098465913864;23.54151975244676;70.74075012377662;Renforcer la gouvernance politique;0.7645848024755324;0.6502302;0.7074075012377662;Haiti
État de la Cité du Vatican;VAT;Europe;Europe;Southern Europe;2016;801;0;;;;;;0.0;;;;;;;0.0;0.0;;;Créer ou étendre les services d'eau;;;;Holy See
Honduras;HND;Americas;Americas;Central America;2016;9270795;4026684;-0.43;94.28603;;3.6189;329.7852;43.43407442403807;;0.0702785075419902;;;0.035755568389157;0.4545454545454546;0.3997554434667819;16.049085353121946;3.575556838915702;95.35523658054214;Renforcer la gouvernance politique;0.964244431610843;0.9428603;0.9535523658054216;Honduras
Hongrie;HUN;Europe;Europe;Eastern Europe;2016;9752975;2850043;0.65;99.97081;86.75824;0.23983;23.39143;29.222293710380683;13.21257;0.0003591423876573;0.1386989567433036;0.2002510456572996;0.0023116318452129;0.25;0.2689540674278682;8.14257422641095;13.296472288358412;99.86982340773936;Renforcer la gouvernance politique;0.9976883681547872;0.9997081;0.9986982340773936;Hungary
Islande;ISL;Europe;Europe;Northern Europe;2016;332206;20828;1.36;100.0;99.57044;0.10354;0.34426;6.269603800051775;0.429559999999995;1.2299396845438793e-07;0.004499365934638;0.0065104547542642;0.0009627180578175;0.1155303030303031;0.0577037333173521;1.7551854856945823;0.4495917446143106;99.95186409710912;Renforcer la gouvernance politique;0.9990372819421824;1.0;0.9995186409710912;Iceland
Inde;IND;South-East Asia;Asia;Southern Asia;2016;1324517249;884779655;-0.95;91.85928;;18.58389;246087.9;66.80016101473964;;0.1001260688175852;;;0.1838697465330718;0.553030303030303;0.6148105685272949;27.54673381593697;18.38697465330718;86.7361526733464;Renforcer la gouvernance politique;0.8161302534669281;0.9185928;0.867361526733464;India
Indonésie;IDN;South-East Asia;Asia;South-eastern Asia;2016;261556381;120142531;-0.37;88.65653;;7.05721;18426.38;45.933702913560346;;0.1395179620391415;;;0.0697858256665761;0.4431818181818182;0.4227613462880508;20.70579432206729;6.978582566657611;90.8389737166712;Renforcer la gouvernance politique;0.930214174333424;0.8865653;0.908389737166712;Indonesia
Iran;IRN;Eastern Mediterranean;Asia;Southern Asia;2016;79563989;20968583;-0.81;95.20149;91.73247;0.98453;790.3585;26.35436365564829;3.4690200000000004;0.0590189017130599;0.0865970827022967;0.0525768175613136;0.0096822100055573;0.5265151515151516;0.2425584168686206;10.17465833328525;5.930701536360477;97.11663449972214;Renforcer la gouvernance politique;0.9903177899944426;0.9520149;0.9711663449972214;Iran (Islamic Republic of)
Irak;IRQ;Eastern Mediterranean;Asia;Western Asia;2016;36610632;11125775;-2.31;95.61298;58.31704;3.03475;1129.005;30.38946445939529;37.29594;0.0539578229083647;0.436602314644946;0.565261034285677;0.0299740144313683;0.8106060606060606;0.2796963905131638;11.568344107055536;40.03072064764864;96.30778927843156;Renforcer la gouvernance politique;0.9700259855686316;0.9561298;0.9630778927843158;Iraq
Irlande;IRL;Europe;Europe;Northern Europe;2016;4695779;1761090;0.85;97.38348;97.31146;0.07416;3.50464;37.503681497787696;0.072020000000009;0.0321817408074307;0.0281607349145915;0.0010915423954794;0.0006719330620461;0.2121212121212121;0.3451737150518799;11.820188114441937;1.3188757162393274;98.6581433468977;Créer ou étendre les services d'eau;0.9993280669379538;0.9738348;0.986581433468977;Ireland
Île de Man;IMN;Europe;Europe;Northern Europe;2016;83287;39907;;;;;;47.91504076266404;;;;;;;0.4409970425939818;44.09970425939819;;;Créer ou étendre les services d'eau;;;;Isle of Man
Israël;ISR;Europe;Asia;Western Asia;2016;8108985;634341;-0.79;100.0;99.43504;0.24682;20.21871;7.822692975754672;0.5649599999999992;1.2299396845438793e-07;0.0059175942323147;0.0085625908324079;0.0023808145246016;0.5227272727272727;0.0719979449567042;2.2194642465447494;0.6135987100804741;99.88095927376992;Renforcer la gouvernance politique;0.9976191854753984;1.0;0.9988095927376992;Israel
Italie;ITA;Europe;Europe;Southern Europe;2016;60663060;17914936;0.37;99.4425;95.03938;0.13718;81.52759;29.5318699716104;4.403120000000001;0.0068570367309188;0.0519593180060632;0.0667341315243415;0.0012956658882378;0.303030303030303;0.271803323391895;8.495058001854144;4.699777231389556;99.65646670558812;Renforcer la gouvernance politique;0.9987043341117622;0.994425;0.9965646670558812;Italy
Jamaïque;JAM;Americas;Americas;Caribbean;2016;2906236;1293787;0.31;90.61792;;0.61365;17.6814;44.5176166009918;;0.1153940480758823;;;0.0060114700725527;0.3143939393939394;0.4097280718514535;17.634861070772132;0.6011470072552737;95.00838649637237;Renforcer la gouvernance politique;0.9939885299274472;0.9061792;0.9500838649637235;Jamaica
Japon;JPN;Western Pacific;Asia;Eastern Asia;2016;127763265;10913416;0.98;98.97;98.40837;0.1667;212.9628;8.541904435519866;0.5616299999999939;0.0126685017366748;0.0166713050622684;0.0085121210160103;0.0015878365170727;0.1875;0.0786173722118573;2.968299657432909;1.0798896937038969;99.40560817414637;Renforcer la gouvernance politique;0.9984121634829272;0.9897;0.9940560817414636;Japan
Jordanie;JOR;Eastern Mediterranean;Asia;Western Asia;2016;9554286;897724;-0.49;98.97105;93.84464;0.62637;59.22872;9.396034408013325;5.126410000000007;0.0126555873699953;0.0644734544637164;0.0776963878312878;0.006137364733758;0.4659090909090908;0.0864785528738176;3.317292136208273;5.743426319637476;99.1786567633121;Renforcer la gouvernance politique;0.993862635266242;0.9897105;0.991786567633121;Jordan
Kazakhstan;KAZ;Europe;Asia;Central Asia;2016;17830901;7687326;0.01;95.04381;87.50956;0.38312;68.91383;43.11238114103151;7.53425;0.0609582706064095;0.1308293608451468;0.1141898541119184;0.0037298272857873;0.3712121212121213;0.3967946657199583;14.740207831031862;9.9585626776645;97.33541363571064;Renforcer la gouvernance politique;0.9962701727142128;0.9504381;0.9733541363571064;Kazakhstan
Kenya;KEN;Africa;Africa;Eastern Africa;2016;49051534;35810733;-1.35;58.28035;;51.1546;24790.32;73.0063467536;;0.5131266542688747;;;0.5062344085351038;0.6287878787878788;0.6719306192058074;55.90447823165119;50.62344085351038;53.82845457324481;Renforcer la gouvernance politique;0.4937655914648962;0.5828035;0.5382845457324481;Kenya
Kiribati;KIR;Western Pacific;Oceania;Micronesia;2016;112524;54395;0.87;70.34607;;16.6583;19.05509;48.340798407450855;;0.36472557585776;;;0.164811452455218;0.2083333333333333;0.4449156005086621;33.88040524023951;16.481145245521805;76.93246237723909;Créer ou étendre les services d'eau;0.835188547544782;0.7034606999999999;0.769324623772391;Kiribati
Koweït;KWT;Eastern Mediterranean;Asia;Western Asia;2016;3956875;0;-0.05;100.0;100.0;0.01242;0.50324;0.0;0.0;1.2299396845438793e-07;0.0;0.0;6.086888100727606e-05;0.3825757575757575;0.0;0.0015272567537623;0.0012173776201455;99.99695655594964;Renforcer la gouvernance politique;0.9999391311189928;1.0;0.9999695655594965;Kuwait
Kirghizstan;KGZ;Europe;Asia;Central Asia;2016;6074330;3814995;-0.65;87.42696;68.1477;0.77594;46.21274;62.80519826878026;19.27926;0.1546409314087238;0.3336324461306301;0.2921984121559204;0.007617715714613;0.4962121212121212;0.5780420146828409;24.490545246743125;25.39275881562784;93.33259421426936;Renforcer la gouvernance politique;0.992382284285387;0.8742696;0.9333259421426936;Kyrgyzstan
Laos;LAO;Western Pacific;Asia;South-eastern Asia;2016;6845846;4478363;0.53;79.9419;15.68307;11.31273;764.5544;65.41723258162688;64.25883;0.2467026547018134;0.8831658500681305;0.973913318923923;0.1119043200574839;0.2727272727272728;0.6020824702221573;31.961701569683427;76.06751581655286;84.3757339971258;Moderniser les services d'eau;0.888095679942516;0.799419;0.843757339971258;Lao People's Democratic Republic
Lettonie;LVA;Europe;Europe;Northern Europe;2016;1974266;630159;0.48;98.57478;94.98471;0.0206;0.40592;31.91864723395936;3.590069999999997;0.0175294693548228;0.0525319512485593;0.0544114635898164;0.0001418294414364;0.2821969696969697;0.2937705741188655;9.6054890805689;4.271175620657476;99.28029852792818;Renforcer la gouvernance politique;0.9998581705585636;0.9857478;0.9928029852792818;Latvia
Liban;LBN;Eastern Mediterranean;Asia;Western Asia;2016;6714281;704804;-1.62;92.6;47.7;0.78675;47.25737;10.497088221359816;44.89999999999999;0.0910156595920537;0.5478090101070239;0.6805089358098199;0.0077247063818794;0.6799242424242424;0.0966123536114137;7.187192949531815;48.62371233579736;95.91376468090604;Moderniser les services d'eau;0.9922752936181204;0.926;0.9591376468090602;Lebanon
Lesotho;LSO;Africa;Africa;Southern Africa;2016;2075030;1601793;-0.24;68.62891;;44.35666;977.5431;77.19372731960502;;0.3858456081313772;;;0.4389526197619977;0.4185606060606061;0.7104701344901737;49.65097189466713;43.89526197619977;62.36682401190012;Créer ou étendre les services d'eau;0.5610473802380023;0.6862891000000001;0.6236682401190012;Lesotho
Liberia;LBR;Africa;Africa;Western Africa;2016;4586787;2295213;-0.44;72.44901;;41.54313;1916.729;50.039668290679295;;0.3388606822721414;;;0.4111060469521763;0.4564393939393939;0.4605515382503557;39.34292802356145;41.11060469521763;65.66920265239118;Renforcer la gouvernance politique;0.5888939530478237;0.7244901;0.6566920265239118;Liberia
Libye;LBY;Eastern Mediterranean;Africa;Northern Africa;2016;6492162;1287595;-2.28;98.52895;;0.5827;36.67053;19.83306947670129;;0.0180931507118892;;;0.0057051461917112;0.8049242424242424;0.1825381935519812;6.432966243387233;0.5705146191711242;98.97921769041444;Renforcer la gouvernance politique;0.9942948538082887;0.9852895;0.9897921769041444;Libya
Liechtenstein;LIE;Europe;Europe;Western Europe;2016;37658;32278;;;;;;85.71352700621382;;;;;;;0.7888840605869512;78.88840605869511;;;Créer ou étendre les services d'eau;;;;Liechtenstein
Lituanie;LTU;Europe;Europe;Northern Europe;2016;2889557;949079;0.83;97.07375;91.60094;0.08078;2.34934;32.845138545458695;5.47281000000001;0.0359912329899341;0.0879747752280976;0.082946461224707;0.0007374537111954;0.215909090909091;0.3022977489236211;10.706974295035558;6.876740102353049;98.50000231444022;Renforcer la gouvernance politique;0.9992625462888044;0.9707375;0.9850000231444024;Lithuania
Luxembourg;LUX;Europe;Europe;Western Europe;2016;579264;54927;1.42;99.90687;99.76517;0.0485;0.27921;9.482205004971826;0.1417000000000001;0.0011455658214521;0.0024596938784595;0.0021476195145713;0.0004179663162499;0.1041666666666666;0.0872716436823069;2.680148930340806;0.1942122338656754;99.93253668418753;Renforcer la gouvernance politique;0.99958203368375;0.9990687;0.9993253668418752;Luxembourg
Madagascar;MDG;Africa;Africa;Eastern Africa;2016;24894370;15968305;-0.29;53.18465;;30.23168;7526.039;64.14424225236469;;0.5758006907341264;;;0.2991523389733547;0.4280303030303031;0.5903662124141749;51.1008259297948;29.91523389733548;61.63470805133227;Créer ou étendre les services d'eau;0.7008476610266452;0.5318465;0.6163470805133227;Madagascar
Malawi;MWI;Africa;Africa;Eastern Africa;2016;17205261;15105299;-0.11;67.91184;;28.29031;5118.163;87.79465188002669;;0.3946651366217001;;;0.2799378642544775;0.3939393939393939;0.8080381696101743;48.999522842643664;27.993786425447748;69.95902678727613;Créer ou étendre les services d'eau;0.7200621357455226;0.6791184;0.6995902678727612;Malawi
Malaisie;MYS;Western Pacific;Asia;South-eastern Asia;2016;30684654;7846716;0.14;96.72462;93.31452;0.41999;130.9834;25.572118232129977;3.4101;0.0402853214078381;0.0700261220055508;0.0516838200891997;0.0040947436504602;0.346590909090909;0.2353588421032986;8.97597331771318;5.04200406638098;98.157572817477;Renforcer la gouvernance politique;0.9959052563495396;0.9672462;0.98157572817477;Malaysia
Maldives;MDV;South-East Asia;Asia;Southern Asia;2016;475512;261129;0.42;99.23921;;0.30585;1.3083;54.91533336698128;;0.0093573811140301;;;0.0029650568084812;0.2935606060606061;0.5054258375330846;15.657983696335926;0.2965056808481262;99.47135215957594;Renforcer la gouvernance politique;0.9970349431915188;0.9923921;0.9947135215957594;Maldives
Mali;MLI;Africa;Africa;Western Africa;2016;17965443;10655945;-1.62;76.58435;;70.7214;12726.2;59.31356660673495;;0.2879984945538271;;;0.6998944444526922;0.6799242424242424;0.5459059836520727;46.8344728758017;69.98944444526923;53.29745277736539;Moderniser les services d'eau;0.3001055555473078;0.7658435;0.532974527773654;Mali
Malte;MLT;Europe;Europe;Southern Europe;2016;436097;23701;1.08;100.0;100.0;0.03337;0.14329;5.434800055950855;0.0;1.2299396845438793e-07;0.0;0.0;0.000268218971593;0.1685606060606059;0.0500204260210396;1.5073237896495946;0.0053643794318607;99.98658905142037;Renforcer la gouvernance politique;0.999731781028407;1.0;0.9998658905142036;Malta
Îles Marshall;MHL;Western Pacific;Oceania;Micronesia;2016;57735;12615;0.21;87.35748;;;;21.84983112496753;;0.1554954935009987;;;;0.3333333333333333;0.201099920899929;17.373726446057088;;;Renforcer la gouvernance politique;;0.8735748;;Marshall Islands
Martinique;MTQ;Americas;Americas;Caribbean;2016;376791;42382;;;;;;11.248145523645734;;;;;;;0.1035248813658467;10.352488136584672;;;Créer ou étendre les services d'eau;;;;Martinique
Mauritanie;MRT;Africa;Africa;Western Africa;2016;4163533;2066106;-0.75;68.83202;;38.56949;1658.882;49.6238651164768;;0.3833474776396965;;;0.3816748047865704;0.5151515151515151;0.4567245985836911;40.49424457096135;38.16748047865705;65.33226976067148;Renforcer la gouvernance politique;0.6183251952134295;0.6883202;0.6533226976067148;Mauritania
Maurice;MUS;Africa;Africa;Eastern Africa;2016;1261865;745793;1.01;99.86639;;0.58845;7.42695;59.1024396429095;;0.0016434454054373;;;0.0057620561211082;0.1818181818181817;0.5439628283259602;16.53689129605119;0.5762056121108289;99.64509219394458;Créer ou étendre les services d'eau;0.9942379438788918;0.9986639;0.9964509219394458;Mauritius
Mayotte;MYT;Africa;Africa;Eastern Africa;2016;246450;131439;;;;;;53.33292757151552;;;;;;;0.4908618036748948;49.08618036748948;;;Créer ou étendre les services d'eau;;;;Mayotte
Mexique;MEX;Americas;Americas;Central America;2016;123333376;26048191;-0.63;98.88368;42.68274;1.05554;1346.237;21.12014755843544;56.20094;0.0137301856716947;0.6003615958441093;0.8517871240737538;0.0103850228901633;0.4924242424242424;0.1943841112136975;6.709007263891271;57.03652161336956;98.92258885549184;Moderniser les services d'eau;0.9896149771098368;0.9888368;0.9892258885549184;Mexico
Micronésie;FSM;Western Pacific;Oceania;Micronesia;2016;110215;81299;1.06;78.56648;;3.56993;3.74615;73.76400671414962;;0.2636194911001565;;;0.0352708937382746;0.1723484848484848;0.6789039160365304;33.11176692405982;3.5270893738274696;87.51969531308626;Créer ou étendre les services d'eau;0.9647291062617253;0.7856647999999999;0.8751969531308625;Micronesia (Federated States of)
Monaco;MCO;Europe;Europe;Western Europe;2016;38070;0;;100.0;100.0;;;0.0;0.0;1.2299396845438793e-07;0.0;0.0;;;0.0;7.3796381072632755e-06;0.0;;Créer ou étendre les services d'eau;;1.0;;Monaco
Mongolie;MNG;Western Pacific;Asia;Eastern Asia;2016;3056364;959785;0.8;82.80058;23.61521;1.28871;39.01429;31.40283683487961;59.18536999999999;0.2115426149501629;0.8000817628514894;0.897019446641658;0.0126927947575562;0.221590909090909;0.2890231950722711;18.50743339386437;67.65321585592618;90.7656502621222;Moderniser les services d'eau;0.9873072052424438;0.8280058;0.907656502621222;Mongolia
Monténégro;MNE;Europe;Europe;Southern Europe;2016;627264;212843;0.28;97.05335;93.04792;0.02545;0.15999;33.93196485052546;4.00542999999999;0.0362421406854208;0.0728185862903409;0.0607067017095928;0.0001898317297104;0.3200757575757577;0.3123006035329247;11.004660230074444;5.405367577495306;98.51718341351447;Renforcer la gouvernance politique;0.9998101682702896;0.9705335;0.9851718341351448;Montenegro
Montserrat;MSR;Americas;Americas;Caribbean;2016;4981;4686;;;;;;94.07749447902027;;;;;;;0.8658637492431699;86.58637492431697;;;Créer ou étendre les services d'eau;;;;Montserrat
Maroc;MAR;Eastern Mediterranean;Africa;Northern Africa;2016;35126283;13630788;-0.31;86.63644;69.99794;1.90323;671.3973;38.80509645725965;16.638499999999993;0.1643638505967668;0.3142523669172378;0.25217478682565;0.0187749321163516;0.4318181818181819;0.3571515854487242;18.580294143225025;23.342972692500485;92.37947339418244;Renforcer la gouvernance politique;0.9812250678836484;0.8663643999999999;0.9237947339418242;Morocco
Mozambique;MOZ;Africa;Africa;Eastern Africa;2016;27829938;18760441;-1.09;53.44394;;27.62905;7965.31;67.41100537126601;;0.5726115801281106;;;0.2733931234000268;0.5795454545454546;0.6204326143489329;51.215327621233634;27.33931234000268;63.05231382999865;Créer ou étendre les services d'eau;0.7266068765999731;0.5344394;0.6305231382999865;Mozambique
Myanmar (Birmanie);MMR;South-East Asia;Asia;South-eastern Asia;2016;53045201;36976382;-0.8;80.84426;;12.61942;6673.805;69.70730867812152;;0.2356041709714555;;;0.1248371262564104;0.5246212121212122;0.6415671673223521;32.97013086979632;12.48371262564104;84.18027368717948;Renforcer la gouvernance politique;0.8751628737435896;0.8084426;0.8418027368717949;Myanmar
Namibie;NAM;Africa;Africa;Southern Africa;2016;2358044;1290418;0.71;82.21806;;18.31716;454.2127;54.72408487712698;;0.2187072595959895;;;0.1812298186255806;0.2386363636363637;0.503665638291179;29.48254129619442;18.122981862558067;82.04753906872097;Créer ou étendre les services d'eau;0.8187701813744194;0.8221805999999999;0.8204753906872096;Namibia
Nauru;NRU;Western Pacific;Oceania;Polynesia;2016;10475;0;0.58;99.48493;;;;0.0;;0.0063351733231001;;;;0.2632575757575758;0.0;0.3801103993860111;;;Renforcer la gouvernance politique;;0.9948493;;Nauru
Népal;NPL;South-East Asia;Asia;Southern Asia;2016;27263433;23492872;-0.85;88.34641;27.0582;19.82954;5747.149;86.16989650569684;61.28821000000001;0.1433322509864115;0.7640186472930117;0.9288903021111086;0.1961984167162772;0.5340909090909092;0.7930843617115811;35.14744256364288;70.81596803639988;84.36328416418615;Moderniser les services d'eau;0.8038015832837228;0.8834641000000001;0.8436328416418615;Nepal
Pays-Bas;NLD;Europe;Europe;Western Europe;2016;16981295;1590832;0.91;100.0;99.95101;0.24093;40.92825;9.368143006761263;0.0489900000000034;1.2299396845438793e-07;0.0005131388796394;0.0007424973889827;0.002322518962141;0.2007575757575758;0.0862218479796929;2.644723948172895;0.0955290374409918;99.88387405189296;Renforcer la gouvernance politique;0.9976774810378588;1.0;0.9988387405189294;Netherlands
Antilles néerlandaises;HIST_ANT;Americas;Americas;Caribbean;2016;272693;23404;;;;;;8.582545206514286;;;;;;;0.0789914188479867;7.899141884798679;;;Créer ou étendre les services d'eau;;;;Netherlands Antilles
Nouvelle-Calédonie;NCL;Western Pacific;Oceania;Melanesia;2016;274191;82290;;;;;;30.011925993194527;;;;;;;0.2762216288431343;27.62216288431344;;;Créer ou étendre les services d'eau;;;;New Caledonia
Nouvelle-Zélande;NZL;Western Pacific;Oceania;Australia and New Zealand;2016;4659265;633866;1.52;100.0;100.0;0.14577;6.79392;13.604420439704546;0.0;1.2299396845438793e-07;0.0;0.0;0.0013806843740674;0.0852272727272727;0.1252113967685426;3.790864547136548;0.0276136874813496;99.93096578129663;Renforcer la gouvernance politique;0.9986193156259324;1.0;0.9993096578129664;New Zealand
Nicaragua;NIC;Americas;Americas;Central America;2016;6303974;2577435;-0.09;81.50474;51.52127;2.24431;138.0232;40.88587611560581;29.98347;0.2274806653481713;0.5077836537771641;0.4544325002580325;0.0221507301543941;0.3901515151515151;0.3763025172023999;22.07947371059956;39.1984165320914;89.6448334922803;Moderniser les services d'eau;0.9778492698456058;0.8150474;0.896448334922803;Nicaragua
Niger;NER;Africa;Africa;Western Africa;2016;20788798;17305349;-1.1;49.50156;;70.81496;14639.56;83.24362476368282;;0.6211004762326455;;;0.7008204432343249;0.581439393939394;0.7661517500824561;68.45458501380087;70.08204432343248;39.70975783828376;Moderniser les services d'eau;0.2991795567656751;0.4950156;0.3970975783828375;Niger
Nigeria;NGA;Africa;Africa;Western Africa;2016;185960241;95443463;-1.88;70.02553;19.90354;68.62818;127641.3;51.32466084511044;50.12199;0.3686680245200775;0.8389591293628458;0.7596539437766247;0.6791770527287816;0.7291666666666666;0.4723782612842842;47.74083526015155;77.92458990808557;51.05391236356092;Moderniser les services d'eau;0.3208229472712184;0.7002553;0.5105391236356092;Nigeria
Niue;NIU;Western Pacific;Oceania;Polynesia;2016;1614;921;;98.19875;97.21675;;;57.06319702602231;0.9819999999999992;0.0221544115476577;0.0291527615177891;0.0148832912018985;;;0.5251941922387379;22.33703238240897;2.290986825458697;;Créer ou étendre les services d'eau;;0.9819875;;Niue
Îles Mariannes du Nord;MNP;Western Pacific;Oceania;Micronesia;2016;56188;4708;;;;;;8.379013312451058;;;;;;;0.0771181664844956;7.711816648449564;;;Créer ou étendre les services d'eau;;;;Northern Mariana Islands
Norvège;NOR;Europe;Europe;Northern Europe;2016;5250949;972918;1.2;100.0;98.34296;0.21161;11.1195;18.528422195683103;1.657039999999995;1.2299396845438793e-07;0.0173564329274902;0.0251142656346169;0.0020323278091112;0.1458333333333333;0.1705305737440979;5.166730942279299;1.700685335130878;99.89838360954444;Renforcer la gouvernance politique;0.9979676721908888;1.0;0.9989838360954444;Norway
Oman;OMN;Eastern Mediterranean;Asia;Western Asia;2016;4479219;774333;0.76;91.75999;90.07999;0.04553;2.01467;17.287232439405173;1.6800000000000068;0.1013472759295884;0.1039057525497472;0.0254622497140423;0.000388571100544;0.2291666666666666;0.1591069997868569;9.343551687950791;5.574709026740987;95.8605664449728;Renforcer la gouvernance politique;0.999611428899456;0.9175999;0.958605664449728;Oman
Pakistan;PAK;Eastern Mediterranean;Asia;Southern Asia;2016;203631353;123198205;-2.48;91.14014;35.53562;19.58922;37847.05;60.500607192842246;55.60452;0.1089710570593618;0.6752231012421229;0.8427477223032485;0.1938198785888515;0.8428030303030303;0.556831183330088;26.454130032295208;63.757607408286255;85.87907607055743;Moderniser les services d'eau;0.8061801214111485;0.9114014;0.8587907607055743;Pakistan
Palaos;PLW;Western Pacific;Oceania;Micronesia;2016;17725;4564;0.95;100.00001;;;;25.748942172073345;;0.0;;;;0.1931818181818182;0.2369862816991677;9.479451267966708;;;Renforcer la gouvernance politique;;1.0000001;;Palau
Territoires palestiniens;PSE;Eastern Mediterranean;Asia;Western Asia;2016;4635654;1167567;-1.98;;;;;25.186672689549304;;;;;;0.7481060606060606;0.2318113058463419;23.1811305846342;;;Renforcer la gouvernance politique;;;;Palestine
Panama;PAN;Americas;Americas;Central America;2016;4037078;1330168;0.41;95.97945;;1.89632;76.49982;32.94878127199921;;0.049450462949297;;;0.0187065412272848;0.2954545454545454;0.3032516484750613;11.790483817652326;1.8706541227284896;97.05439793863574;Renforcer la gouvernance politique;0.9812934587727152;0.9597945;0.9705439793863576;Panama
Papouasie-Nouvelle-Guinée;PNG;Western Pacific;Oceania;Melanesia;2016;8271762;7029890;-0.5;40.73222;;16.30974;1318.642;84.98660865726067;;0.7289580688963013;;;0.1613616220220642;0.4678030303030303;0.7821937012135031;60.30296468729026;16.13616220220642;62.2980288988968;Créer ou étendre les services d'eau;0.8386383779779358;0.4073221999999999;0.622980288988968;Papua New Guinea
Paraguay;PRY;Americas;Americas;South America;2016;6777872;2621149;0.14;98.56575;63.2459;1.46453;98.49413;38.6721525576169;35.319849999999995;0.0176405329082662;0.3849756623016169;0.535311214620545;0.0144329519378325;0.346590909090909;0.3559280058453224;11.832487954677468;36.34845635404849;98.56122740310838;Moderniser les services d'eau;0.9855670480621674;0.9856575;0.9856122740310838;Paraguay
Pérou;PER;Americas;Americas;South America;2016;30926032;7136697;-0.2;90.58557;50.08746;1.27684;405.7023;23.076665638837856;40.49811;0.1157919335635779;0.5228018953982263;0.6137934462897335;0.0125753128685227;0.4109848484848485;0.212391373098601;11.896761025032108;45.260362170431314;94.66401935657387;Moderniser les services d'eau;0.9874246871314772;0.9058557;0.9466401935657388;Peru
Philippines;PHL;Western Pacific;Asia;South-eastern Asia;2016;103663816;55302333;-1.38;93.07372;46.44318;4.19289;4332.105;53.34776890713728;46.63054;0.0851891893221558;0.5609733948122382;0.7067371748694263;0.0414365649760458;0.634469696969697;0.4909983993035985;19.599379623006115;50.80833518650155;94.4650317511977;Moderniser les services d'eau;0.958563435023954;0.9307372;0.944650317511977;Philippines
Pologne;POL;Europe;Europe;Eastern Europe;2016;37989220;15221747;0.51;99.38385;98.59683;0.09072;34.67636;40.06859577532784;0.7870199999999983;0.0075783963554427;0.0146973072411448;0.0119281546249675;0.0008358336587096;0.2765151515151515;0.3687804905632485;11.425338394360123;1.0955809108995749;99.65013331706452;Renforcer la gouvernance politique;0.9991641663412903;0.9938385;0.9965013331706452;Poland
Portugal;PRT;Europe;Europe;Southern Europe;2016;10325538;3724867;0.97;99.90618;95.30865;0.15292;15.86048;36.07431399700432;4.597530000000006;0.00115405240527;0.0491388871809863;0.069680629123691;0.0014514506341003;0.1893939393939393;0.3320182041602646;10.048764748897597;4.679100955155578;99.88051746829498;Renforcer la gouvernance politique;0.9985485493658997;0.9990618;0.9988051746829498;Portugal
Porto Rico;PRI;Americas;Americas;Caribbean;2016;3283125;234673;0.69;;;;;7.147854559299447;;;;;;0.2424242424242424;0.0657869151600343;6.578691516003434;;;Renforcer la gouvernance politique;;;;Puerto Rico
Qatar;QAT;Eastern Mediterranean;Asia;Western Asia;2016;2654374;25324;0.9;99.6298;96.24239;0.00811;0.20829;0.954047922410331;3.3874100000000027;0.0045533597032401;0.0393585585940392;0.0513399281570499;1.8211177407054937e-05;0.2026515151515152;0.0087807983793625;0.4687804174618565;3.568396845776657;99.81398944112964;Renforcer la gouvernance politique;0.9999817888225928;0.996298;0.9981398944112964;Qatar
Corée du Sud;KOR;Western Pacific;Asia;Eastern Asia;2016;50983457;9365142;0.16;99.6754;98.10338;1.80559;917.0953;18.36898192290099;1.5720199999999949;0.0039925072074465;0.0198658800143247;0.0238256939258741;0.0178085520282946;0.3428030303030303;0.1690631287070465;5.6967704862538575;2.084034928616102;98.94727239858526;Renforcer la gouvernance politique;0.9821914479717052;0.996754;0.9894727239858526;Republic of Korea
Moldavie;MDA;Europe;Europe;Eastern Europe;2016;4066009;2333836;-0.3;88.68506;72.58717;0.09594;3.89474;57.39869242788198;16.097889999999992;0.1391670602473655;0.2871318406602701;0.2439812470530855;0.0008874979772231;0.4299242424242424;0.5282820009449194;22.13316518890961;21.478026436114607;94.29815510113885;Renforcer la gouvernance politique;0.9991125020227768;0.8868505999999999;0.9429815510113884;Republic of Moldova
Macédoine du Nord;MKD;Europe;Europe;Southern Europe;2016;2080743;883198;-0.35;93.15266;82.20748;0.07433;1.54705;42.446280006709145;10.945179999999992;0.0842182749357972;0.1863652536999889;0.1658862537649648;0.0006736156164805;0.4393939393939394;0.3906640514988482;15.526584307488331;14.20592761060288;96.54264921917596;Renforcer la gouvernance politique;0.9993263843835196;0.9315266;0.9654264921917596;Republic of North Macedonia
Roumanie;ROU;Europe;Europe;Eastern Europe;2016;19796285;9117772;0.28;100.0;81.90562;0.36236;71.66723;46.05799522486164;18.09438;1.2299396845438793e-07;0.189527043906316;0.274240251179031;0.0035243576972164;0.3200757575757577;0.4239052990183122;12.805273447708355;18.19761292099464;99.82378211513918;Renforcer la gouvernance politique;0.9964756423027836;1.0;0.9982378211513918;Romania
Russie;RUS;Europe;Europe;Eastern Europe;2016;145275383;37194234;-0.95;96.96095;75.92105;0.10474;150.7938;25.60257163459001;21.039900000000003;0.0373786049532132;0.2522115824840636;0.3188828498562368;0.0009745949126482;0.553030303030303;0.2356391269618323;8.77557590456577;22.52991285500412;98.4317452543676;Renforcer la gouvernance politique;0.9990254050873518;0.9696095;0.984317452543676;Russian Federation
Rwanda;RWA;Africa;Africa;Eastern Africa;2016;11668827;9884801;-0.05;56.98162;;19.34948;2305.976;84.71117962413874;;0.5291002499237437;;;0.1914470809412605;0.3825757575757575;0.7796587270776584;51.98545008242973;19.14470809412605;68.91845595293698;Créer ou étendre les services d'eau;0.8085529190587395;0.5698162;0.6891845595293697;Rwanda
La Réunion;REU;Africa;Africa;Eastern Africa;2016;869743;4971;;;;;;0.5715481469813497;;;;;;;0.0052603741644992;0.5260374164499236;;;Créer ou étendre les services d'eau;;;;Réunion
Sainte-Hélène;SHN;Africa;Africa;Western Africa;2016;5956;2437;;;;;;40.91672263263936;;;;;;;0.3765864201808718;37.65864201808718;;;Créer ou étendre les services d'eau;;;;Saint Helena, Ascension and Tristan da Cunha
Saint-Christophe-et-Niévès;KNA;Americas;Americas;Caribbean;2016;51625;37942;0.63;;;;;73.4953995157385;;;;;;0.2537878787878788;0.6764317282175637;67.64317282175637;;;Créer ou étendre les services d'eau;;;;Saint Kitts and Nevis
Sainte-Lucie;LCA;Americas;Americas;Caribbean;2016;180024;144979;1.02;98.16222;;0.62866;1.11909;80.53315113540417;;0.0226037085141344;;;0.0061600297317265;0.1799242424242424;0.7412052857765911;23.407326199726946;0.6160029731726593;98.77310851341367;Créer ou étendre les services d'eau;0.9938399702682734;0.9816222;0.9877310851341368;Saint Lucia
Saint-Pierre-et-Miquelon;SPM;Americas;Americas;Northern America;2016;5934;637;;;;;;10.734748904617458;;;;;;;0.0987997180963282;9.879971809632828;;;Créer ou étendre les services d'eau;;;;Saint Pierre and Miquelon
Saint-Vincent-et-les Grenadines;VCT;Americas;Americas;Caribbean;2016;109459;53316;1.02;95.14522;;1.33276;1.46129;48.70864890050156;;0.0597109887731106;;;0.0131287743036327;0.1799242424242424;0.4483011967007977;16.46424975340473;1.3128774303632784;96.91617128481836;Créer ou étendre les services d'eau;0.9868712256963672;0.9514522;0.9691617128481836;Saint Vincent and the Grenadines
Samoa;WSM;Western Pacific;Oceania;Polynesia;2016;194535;158673;1.2;97.30364;58.77221;1.48876;2.90513;81.56527103091989;38.53143;0.0331637246509431;0.4318347003594696;0.5839862455352021;0.0146727654316222;0.1458333333333333;0.7507046374265121;24.38032586787836;40.16553541854065;97.91818172841889;Moderniser les services d'eau;0.9853272345683778;0.9730364;0.9791818172841888;Samoa
Saint-Marin;SMR;Europe;Europe;Southern Europe;2016;33504;1026;;100.0;100.0;;;3.062320916905444;0.0;1.2299396845438793e-07;0.0;0.0;;;0.0281847713438928;1.1273982333938215;0.0;;Créer ou étendre les services d'eau;;1.0;;San Marino
Sao Tomé-et-Principe;STP;Africa;Africa;Middle Africa;2016;203227;57790;0.22;84.20084;;11.3611;22.71185;28.436182200199777;;0.1943202615343744;;;0.1123830562809509;0.3314393939393939;0.2617189102492271;19.40555548354744;11.238305628095096;86.48126718595246;Renforcer la gouvernance politique;0.8876169437190491;0.8420084;0.8648126718595246;Sao Tome and Principe
Arabie saoudite;SAU;Eastern Mediterranean;Asia;Western Asia;2016;32443447;5357473;-0.46;99.86361;;0.09226;29.77708;16.513266916428453;;0.0016776377286459;;;0.000851075622409;0.4602272727272727;0.1519836309809517;4.656279517777844;0.0851075622409051;99.88925121887956;Renforcer la gouvernance politique;0.999148924377591;0.9986361;0.9988925121887956;Saudi Arabia
Sénégal;SEN;Africa;Africa;Western Africa;2016;14993519;8276577;-0.22;79.46232;;23.86927;3678.639;55.2010305252556;;0.2526011994371796;;;0.2361811556872566;0.4147727272727273;0.5080553167085391;32.513242368110674;23.618115568725667;77.92210221563718;Renforcer la gouvernance politique;0.7638188443127434;0.7946232000000001;0.7792210221563718;Senegal
Serbie;SRB;Europe;Europe;Southern Europe;2016;8853963;3897595;0.14;85.52885;74.7098;0.73678;64.98421;44.02090905507512;10.819050000000004;0.1779865395401009;0.2648986506196683;0.1639746147432792;0.0072301343519715;0.346590909090909;0.4051565102854649;20.34484294666778;17.80415348093928;92.40291828240142;Renforcer la gouvernance politique;0.9927698656480284;0.8552885;0.924029182824014;Serbia
Seychelles;SYC;Africa;Africa;Eastern Africa;2016;95710;41619;0.73;96.24902;;0.1694;0.15963;43.48448437989761;;0.0461349145437908;;;0.0016145594404417;0.2348484848484848;0.4002194030314093;14.12301723142391;0.1614559440441779;98.04378202797793;Renforcer la gouvernance politique;0.9983854405595582;0.9624902;0.9804378202797792;Seychelles
Sierra Leone;SLE;Africa;Africa;Western Africa;2016;7328834;4346912;-0.16;59.56314;9.53397;81.29262;6012.55;59.3124636197245;50.02916999999999;0.4973491109995965;0.9475737350403886;0.7582471544799236;0.8045218155554137;0.4034090909090909;0.5458958320587132;58.87063034562858;85.26990479472309;39.55547922222931;Moderniser les services d'eau;0.1954781844445863;0.5956313999999999;0.3955547922222931;Sierra Leone
Singapour;SGP;Western Pacific;Asia;South-eastern Asia;2016;5653634;0;1.5;100.0;100.0;0.06611;3.71719;0.0;0.0;1.2299396845438793e-07;0.0;0.0;0.0005922591608903;0.0890151515151514;0.0;0.0148120137508381;0.0118451832178061;99.97038704195548;Renforcer la gouvernance politique;0.9994077408391095;1.0;0.9997038704195548;Singapore
Saint-Martin (partie néerlandaise);SXM;Americas;Americas;Caribbean;2016;40808;0;;;;;;0.0;;;;;;;0.0;0.0;;;Créer ou étendre les services d'eau;;;;Sint Maarten (Dutch part)
Slovaquie;SVK;Europe;Europe;Eastern Europe;2016;5442003;2514920;0.72;99.78751;99.69782;0.04474;2.43565;46.21313145178347;0.0896900000000044;0.0026136218279856;0.0031651420014177;0.0013593507005074;0.0003807521711138;0.2367424242424242;0.4253331307843456;12.887125710067568;0.1976237080038348;99.8747173914443;Créer ou étendre les services d'eau;0.9996192478288862;0.9978751;0.9987471739144432;Slovakia
Slovénie;SVN;Europe;Europe;Southern Europe;2016;2074210;955396;0.99;99.53439;97.84573;0.02115;0.43939;46.06071709229056;1.6886599999999987;0.0057268451555135;0.022564598780177;0.0255935015488777;0.0001472729999005;0.1856060606060606;0.4239303503480697;12.979300367437718;1.914124959316697;99.75983135000496;Créer ou étendre les services d'eau;0.9998527270000994;0.9953439;0.9975983135000496;Slovenia
Îles Salomon;SLB;Western Pacific;Oceania;Melanesia;2016;619438;462611;0.51;68.5448;;6.17562;37.01826;74.682373377158;;0.3868801103993861;;;0.0610603952914209;0.2765151515151515;0.6873563137796455;39.55680426364726;6.10603952914209;81.21938023542896;Créer ou étendre les services d'eau;0.9389396047085792;0.685448;0.8121938023542895;Solomon Islands
Somalie;SOM;Eastern Mediterranean;Africa;Eastern Africa;2016;14185636;8044409;-2.36;50.81511;;86.57523;12395.83;56.70813067528309;;0.6049446035166435;;;0.8568058089696977;0.8200757575757576;0.5219262578259043;64.30044011726854;85.68058089696979;32.56726455151512;Moderniser les services d'eau;0.1431941910303023;0.5081511;0.3256726455151511;Somalia
Afrique du Sud;ZAF;Africa;Africa;Southern Africa;2016;56207646;19414491;-0.14;92.27031;;13.66885;7656.672;34.54065840081614;;0.0950706477354351;;;0.1352237327272178;0.3996212121212121;0.3179028539171796;17.19585808379042;13.522373272721785;89.37396836363911;Renforcer la gouvernance politique;0.8647762672727821;0.9227031;0.8937396836363911;South Africa
Soudan du Sud;SSD;Africa;Africa;Eastern Africa;2016;10832518;9895674;-2.42;40.8139;;63.28665;7740.42;91.35155833574429;;0.7279534541626079;;;0.6263099057423108;0.8314393939393939;0.8407749721420666;73.63890224513713;62.630990574231085;39.091454712884456;Renforcer la gouvernance politique;0.3736900942576892;0.408139;0.3909145471288445;South Sudan
Espagne;ESP;Europe;Europe;Southern Europe;2016;46634140;9343737;0.41;99.92651;98.46078;0.15183;70.36836;20.03625884384273;1.4657299999999935;0.0009040056675622;0.0161223438725991;0.0222147519484303;0.0014406624909624;0.2954545454545454;0.1844082933905634;5.608945619031265;1.531835042281273;99.89122187545188;Renforcer la gouvernance politique;0.9985593375090376;0.9992651;0.9989122187545189;Spain
Sri Lanka;LKA;South-East Asia;Asia;Southern Asia;2016;21021171;16990083;0.0;88.83598;;1.19003;247.5077;80.82367533188327;;0.137310835276638;;;0.0117161213953126;0.3731060606060606;0.7438791917027885;28.788266373415183;1.1716121395312695;93.83218393023436;Créer ou étendre les services d'eau;0.9882838786046872;0.8883598;0.9383218393023436;Sri Lanka
Soudan;SDN;Eastern Mediterranean;Africa;Northern Africa;2016;39847439;26074189;-2.34;60.21589;;17.32224;6855.941;65.43504339137077;;0.4893206797138668;;;0.1713827182854572;0.8162878787878788;0.6022463960854821;44.3713904268249;17.138271828545722;71.53880908572714;Renforcer la gouvernance politique;0.8286172817145427;0.6021589;0.7153880908572714;Sudan
Suriname;SUR;Americas;Americas;South America;2016;564888;189623;0.16;94.5194;;2.00714;11.20705;33.56824715695855;;0.0674081973020043;;;0.0198033687708989;0.3428030303030303;0.308953044506593;12.797044433060456;1.9803368770898933;96.26953156145504;Renforcer la gouvernance politique;0.9801966312291012;0.945194;0.9626953156145506;Suriname
Suède;SWE;Europe;Europe;Northern Europe;2016;9836007;1293399;1.02;100.0;99.93999;0.21519;21.169;13.14963480607527;0.0600100000000054;1.2299396845438793e-07;0.0006285663230692;0.000909517622226;0.0020677604260227;0.1799242424242424;0.1210256731157514;3.682469738851692;0.1014738098364865;99.89661197869886;Renforcer la gouvernance politique;0.9979322395739773;1.0;0.9989661197869886;Sweden
Suisse;CHE;Europe;Europe;Western Europe;2016;8379917;2206365;1.31;100.0;95.45541;0.13784;11.58101;26.32919872595397;4.54459;1.2299396845438793e-07;0.0476016701575962;0.0688782651356781;0.0013021981583946;0.125;0.2423268056794066;7.302364659070647;4.578858400008459;99.93489009208028;Créer ou étendre les services d'eau;0.9986978018416052;1.0;0.9993489009208026;Switzerland
Syrie;SYR;Eastern Mediterranean;Asia;Western Asia;2016;17465575;8692690;-2.92;97.05907;;3.6654;675.5495;49.77041981154356;;0.0361717881355098;;;0.0362157965138461;0.9261363636363636;0.4580734482574884;16.275328826668748;3.6215796513846175;96.7187451743077;Renforcer la gouvernance politique;0.9637842034861538;0.9705907;0.967187451743077;Syrian Arab Republic
Tadjikistan;TJK;Europe;Asia;Central Asia;2016;8663579;6389516;-0.78;79.62585;47.68568;2.70048;235.8854;73.75145999130382;31.94017;0.2505898790723303;0.5479590029373247;0.4840884431243817;0.0266656175444899;0.5208333333333333;0.6787884394016123;32.306838178915484;42.13456299242277;88.4796441227755;Moderniser les services d'eau;0.97333438245551;0.7962585;0.884796441227755;Tajikistan
Thaïlande;THA;South-East Asia;Asia;South-eastern Asia;2016;68971308;35500674;-0.99;99.3738;;3.50653;2414.717;51.47165543098008;;0.0077020052936603;;;0.0346433999080533;0.5606060606060606;0.4737311595937509;15.424610023728578;3.4643399908053345;97.95473000459734;Renforcer la gouvernance politique;0.9653566000919468;0.993738;0.9795473000459732;Thailand
Timor oriental;TLS;South-East Asia;Asia;South-eastern Asia;2016;1219288;889974;-0.01;76.65939;;9.91329;125.7667;72.99128671815026;;0.2870755478151351;;;0.0980535319539356;0.375;0.6717920107231894;35.523498272225154;9.80535319539356;83.42701840230322;Créer ou étendre les services d'eau;0.9019464680460644;0.7665939;0.8342701840230322;Timor-Leste
Togo;TGO;Africa;Africa;Western Africa;2016;7509951;4516059;-0.17;64.02144;;41.63327;3166.78;60.134333765959326;;0.4425147100786177;;;0.4119981966975415;0.4053030303030303;0.5534601020273252;46.8169199317961;41.19981966975416;61.41081016512292;Créer ou étendre les services d'eau;0.5880018033024584;0.6402144;0.6141081016512292;Togo
Tokelau;TKL;Western Pacific;Oceania;Polynesia;2016;1282;1282;;;;;;100.0;;;;;;;0.9203728841187002;92.03728841187002;;;Créer ou étendre les services d'eau;;;;Tokelau
Tonga;TON;Western Pacific;Oceania;Polynesia;2016;101133;82246;0.92;99.90674;;1.42545;1.52692;81.32459236846529;;0.0011471647430409;;;0.0140461623655131;0.1988636363636363;0.7484894962794204;22.857461360957284;1.4046162365513175;99.25106188172434;Créer ou étendre les services d'eau;0.9859538376344869;0.9990674;0.9925106188172436;Tonga
Trinité-et-Tobago;TTO;Americas;Americas;Caribbean;2016;1377560;638115;0.29;98.18496;;0.14189;1.93681;46.32212027062342;;0.0223240202300478;;;0.0013422825434482;0.3181818181818182;0.4263362343196699;13.828225003528456;0.1342282543448256;99.0253658728276;Renforcer la gouvernance politique;0.9986577174565516;0.9818496;0.990253658728276;Trinidad and Tobago
Tunisie;TUN;Eastern Mediterranean;Africa;Northern Africa;2016;11303945;3609591;-1.14;95.9924;92.39928;1.01527;115.7742;31.932135197048467;3.593119999999999;0.0492911857602502;0.079612674938827;0.0544576896979282;0.0099864554368035;0.5890151515151516;0.2938947136737576;11.284606155344076;5.688318620410778;97.49687722815985;Renforcer la gouvernance politique;0.9900135445631963;0.959924;0.9749687722815984;Tunisia
Turquie;TUR;Europe;Asia;Western Asia;2016;79827871;20566910;-2.01;98.88087;;0.2957;235.1192;25.76407179893349;;0.0137647469768082;;;0.0028645984113716;0.7537878787878788;0.2371255306822568;7.804794494708371;0.2864598411371692;99.29720507943142;Renforcer la gouvernance politique;0.9971354015886283;0.9888087;0.9929720507943142;Turkey
Turkménistan;TKM;Europe;Asia;Central Asia;2016;5662368;2790057;-0.19;98.70372;93.0056;3.97765;225.2361;49.27367843276876;5.698120000000003;0.0159435851265853;0.0732618611910624;0.0863612823455824;0.0393062531145814;0.409090909090909;0.4535015753030478;15.30516491765231;7.105553697984828;97.38654734427092;Renforcer la gouvernance politique;0.9606937468854184;0.9870372;0.9738654734427092;Turkmenistan
Îles Turques-et-Caïques;TCA;Americas;Americas;Caribbean;2016;36559;2612;;;;;;7.14461555294182;;;;;;;0.0657571042238038;6.575710422380385;;;Créer ou étendre les services d'eau;;;;Turks and Caicos Islands
Tuvalu;TUV;Western Pacific;Oceania;Polynesia;2016;11225;4367;1.41;99.26516;;;;38.90423162583519;;0.009038211766095;;;;0.1060606060606061;0.3580639986589188;14.864852652322458;;;Créer ou étendre les services d'eau;;0.9926516;;Tuvalu
Ouganda;UGA;Africa;Africa;Eastern Africa;2016;39649166;32101656;-0.72;47.66563;6.95153;31.55895;13093.17;80.96426542742412;40.7141;0.6436813078686621;0.9746231403952792;0.6170670125491001;0.3122888332326274;0.509469696969697;0.745173144819903;59.12807402950258;71.70116342165862;58.21837333836862;Moderniser les services d'eau;0.6877111667673725;0.4766563;0.5821837333836862;Uganda
Ukraine;UKR;Europe;Europe;Eastern Europe;2016;44713702;13707753;-1.86;93.72408;91.94227;0.26862;119.3717;30.65671681579844;1.7818100000000072;0.0771901535948677;0.084399562046074;0.0270052923589153;0.0025965773873591;0.7253787878787878;0.2821561087336666;12.003154608463024;4.795097072382553;96.73221113063204;Renforcer la gouvernance politique;0.9974034226126408;0.9372408;0.9673221113063204;Ukraine
Émirats arabes unis;ARE;Eastern Mediterranean;Asia;Western Asia;2016;9360980;1300961;0.56;97.40737;;0.02912;2.69967;13.897700881745289;;0.031887908216981;;;0.0002261551107343;0.2670454545454546;0.1279106704315091;5.277929860477781;0.022615511073435;98.69237724446327;Renforcer la gouvernance politique;0.9997738448892656;0.9740737;0.9869237724446328;United Arab Emirates
Royaume-Uni;GBR;Europe;Europe;Northern Europe;2016;66297944;11259199;0.36;100.0;99.98878;0.1972;129.7347;16.982727247167727;0.0112199999999944;1.2299396845438793e-07;0.0001175223153613;0.0001700514534472;0.0018897065773527;0.3049242424242424;0.1563044165667699;4.736380696165496;0.0490344366089686;99.90551467113237;Renforcer la gouvernance politique;0.9981102934226472;1.0;0.9990551467113236;United Kingdom of Great Britain and Northern Ireland
Tanzanie;TZA;Africa;Africa;Eastern Africa;2016;53049230;37603765;-0.44;54.84754;;38.40323;21341.52;70.88465751529287;;0.5553481467268844;;;0.3800292665497786;0.4564393939393939;0.652403166771164;54.06349326958918;38.002926654977855;58.42230667251107;Créer ou étendre les services d'eau;0.6199707334502214;0.5484754000000001;0.5842230667251107;United Republic of Tanzania
Îles Vierges des États-Unis;VIR;Americas;Americas;Caribbean;2016;104835;4743;;;;;;4.524252396623265;;;;;;;0.0416399922676109;4.163999226761096;;;Créer ou étendre les services d'eau;;;;United States Virgin Islands
États-Unis;USA;Americas;Americas;Northern America;2016;323015995;58436293;0.4;99.26371;98.99631;0.23153;745.9761;18.09083571852224;0.2674000000000092;0.0090560458915094;0.0105130100450157;0.0040527414128185;0.0022294835993006;0.2973484848484848;0.1665031464637391;5.458353549012614;0.6595210734603684;99.52038082003496;Renforcer la gouvernance politique;0.9977705164006994;0.9926371;0.9952038082003496;United States of America
Uruguay;URY;Americas;Americas;South America;2016;3424129;167249;1.06;99.32289;;0.36017;12.40418;4.88442462302092;;0.0083281675866615;;;0.0035026824371504;0.1723484848484848;0.0449549197755015;1.8109821955935776;0.3502682437150405;99.48631087814248;Renforcer la gouvernance politique;0.9964973175628496;0.9932289;0.9948631087814248;Uruguay
Ouzbékistan;UZB;Europe;Asia;Central Asia;2016;31441751;15518905;-0.27;97.68127;58.88147;0.44151;138.8398;49.35763596626664;38.7998;0.0285191034231682;0.4306902718232498;0.5880536883660101;0.0043077352470905;0.4242424242424243;0.4542742976755372;15.019281965485948;40.049096029798406;98.62524823764548;Moderniser les services d'eau;0.9956922647529096;0.9768127;0.9862524823764548;Uzbekistan
Vanuatu;VUT;Western Pacific;Oceania;Melanesia;2016;278330;202634;0.51;90.66152;43.84248;10.41773;28.17007;72.8035066288219;46.81904;0.1148577943737639;0.5882140619744818;0.7095940999117459;0.1030461658295958;0.2765151515151515;0.6700637336992373;27.846666903536395;53.3663496023547;90.1784517085202;Moderniser les services d'eau;0.8969538341704042;0.9066152;0.901784517085202;Vanuatu
Venezuela;VEN;Americas;Americas;South America;2016;29851255;3736094;-1.02;95.77837;;1.3903;438.8923;12.515701601155463;;0.0519236256653974;;;0.0136982694927642;0.5662878787878788;0.1151911237942448;6.134753606089338;1.3698269492764277;97.20427152536178;Renforcer la gouvernance politique;0.9863017305072356;0.9577837;0.9720427152536176;Venezuela (Bolivarian Republic of)
Viêt Nam;VNM;Western Pacific;Asia;South-eastern Asia;2016;93640422;61933285;0.23;93.99012;;1.6208;1532.777;66.13947660338395;;0.0739180220601981;;;0.0159796153581589;0.3295454545454546;0.6087298083555779;21.987695627330226;1.597961535815893;96.19607923209206;Créer ou étendre les services d'eau;0.984020384641841;0.9399012;0.9619607923209206;Viet Nam
Wallis-et-Futuna;WLF;Western Pacific;Oceania;Polynesia;2016;12107;11899;;;;;;98.281985628149;;;;;;;0.9045607456949214;90.45607456949216;;;Créer ou étendre les services d'eau;;;;Wallis and Futuna Islands
Sahara occidental;ESH;Africa;Africa;Northern Africa;2016;538749;72391;;;;;;13.436869488388842;;;;;;;0.12366930324555;12.366930324555002;;;Créer ou étendre les services d'eau;;;;Western Sahara
Yémen;YEM;Eastern Mediterranean;Asia;Western Asia;2016;27168208;17821118;-2.79;63.32203;;10.20328;2814.495;65.59548572360754;;0.4511170312207889;;;0.1009236728975616;0.9015151515151516;0.6037230638060369;40.93505014155565;10.092367289756162;76.61483135512192;Renforcer la gouvernance politique;0.8990763271024383;0.6332203;0.7661483135512192;Yemen
Zambie;ZMB;Africa;Africa;Eastern Africa;2016;16363458;9550308;0.14;59.23856;;34.91273;5792.504;58.36362949689485;;0.5013412492251379;;;0.3454824650610149;0.346590909090909;0.5371630200769236;47.31230844396429;34.548246506101485;62.34515674694925;Créer ou étendre les services d'eau;0.6545175349389851;0.5923856;0.6234515674694925;Zambia
Zimbabwe;ZWE;Africa;Africa;Eastern Africa;2016;14030331;10934468;-0.62;64.51162;;24.55074;3965.033;77.93449776772907;;0.4364857917367734;;;0.2429259225718141;0.4905303030303031;0.717287984828272;47.23364823729832;24.29259225718142;70.10951387140929;Créer ou étendre les services d'eau;0.7570740774281859;0.6451161999999999;0.7010951387140929;Zimbabwe
